team,avg_wins
BAL,0.88716
GB,0.84372
MIA,0.8396
SF,0.67096
KC,0.6015
MIN,0.59238
LAC,0.57636
NE,0.56584
PHI,0.43416
LV,0.42364
CHI,0.40762
BUF,0.3985
DAL,0.32904
NYJ,0.1604
DET,0.15628
CIN,0.11284
